{
  "camera_matrix_parameters": {
    "vision_bottom": {
      "extrinsic_rotations": [
        -0.4594963788986206,
        -2.7569773197174072,
        -1.4563992023468018
      ]
    },
    "vision_top": {
      "extrinsic_rotations": [
        -0.8050909638404846,
        -3.7780799865722656,
        -0.1175987720489502
      ]
    }
  }
}
