{
  "camera_matrix_parameters": {
    "vision_bottom": {
      "extrinsic_rotations": [
        0.15316486358642578,
        -1.4946234226226809,
        0.8679378032684326
      ]
    },
    "vision_top": {
      "extrinsic_rotations": [
        0.0,
        -3.5228042602539062,
        0.663716197013855
      ]
    }
  }
}
