{
  "camera_matrix_parameters": {
    "vision_bottom": {
      "extrinsic_rotations": [
        0.1021099090576172,
        -2.399590969085694,
        1.5188026428222656
      ]
    },
    "vision_top": {
      "extrinsic_rotations": [
        0.4163646697998047,
        -3.977821350097656,
        0.07232308387756348
      ]
    }
  }
}
