{
  "camera_matrix_parameters": {
    "vision_bottom": {
      "extrinsic_rotations": [
        0.3063315153121948,
        -0.051054954528808594,
        0.0
      ]
    },
    "vision_top": {
      "extrinsic_rotations": [
        0.2042198181152344,
        -1.5827089548110962,
        0.6609642505645752
      ]
    }
  }
}
