{
  "camera_matrix_parameters": {
    "vision_bottom": {
      "extrinsic_rotations": [
        0.2427273988723755,
        -4.90129280090332,
        0.816882848739624
      ]
    },
    "vision_top": {
      "extrinsic_rotations": [
        0.14052987098693848,
        -5.871340274810791,
        1.6634505987167358
      ]
    }
  }
}
